Action,1,DLC TEST,DLC TEST DESCRIPTION
Action,1,DLC TEST,DLC TEST DESCRIPTION
Action,1,DLC TEST,DLC TEST DESCRIPTION
Action,1,DLC TEST,DLC TEST DESCRIPTION
Action,1,DLC TEST,DLC TEST DESCRIPTION
Action,1,DLC TEST,DLC TEST DESCRIPTION
Action,1,DLC TEST,DLC TEST DESCRIPTION
Action,1,DLC TEST,DLC TEST DESCRIPTION
Action,1,DLC TEST,DLC TEST DESCRIPTION
Action,1,DLC TEST,DLC TEST DESCRIPTION
Action,1,DLC TEST,DLC TEST DESCRIPTION
Action,1,DLC TEST,DLC TEST DESCRIPTION
Action,1,DLC TEST,DLC TEST DESCRIPTION
Action,1,DLC TEST,DLC TEST DESCRIPTION
Action,1,DLC TEST,DLC TEST DESCRIPTION
Action,1,DLC TEST,DLC TEST DESCRIPTION
Action,1,DLC TEST,DLC TEST DESCRIPTION
Action,1,DLC TEST,DLC TEST DESCRIPTION
Action,1,DLC TEST,DLC TEST DESCRIPTION
Action,1,DLC TEST,DLC TEST DESCRIPTION
Action,1,DLC TEST,DLC TEST DESCRIPTION
Action,1,DLC TEST,DLC TEST DESCRIPTION
Action,1,DLC TEST,DLC TEST DESCRIPTION
Action,1,DLC TEST,DLC TEST DESCRIPTION
Action,1,DLC TEST,DLC TEST DESCRIPTION
Action,1,DLC TEST,DLC TEST DESCRIPTION
Action,1,DLC TEST,DLC TEST DESCRIPTION
Action,1,DLC TEST,DLC TEST DESCRIPTION
Action,1,DLC TEST,DLC TEST DESCRIPTION
Action,1,DLC TEST,DLC TEST DESCRIPTION
Action,1,DLC TEST,DLC TEST DESCRIPTION
Action,1,DLC TEST,DLC TEST DESCRIPTION
Action,1,DLC TEST,DLC TEST DESCRIPTION
Action,1,DLC TEST,DLC TEST DESCRIPTION
Action,1,DLC TEST,DLC TEST DESCRIPTION
Action,1,DLC TEST,DLC TEST DESCRIPTION
Action,1,DLC TEST,DLC TEST DESCRIPTION
Action,1,DLC TEST,DLC TEST DESCRIPTION
Action,1,DLC TEST,DLC TEST DESCRIPTION
Action,1,DLC TEST,DLC TEST DESCRIPTION
Action,1,DLC TEST,DLC TEST DESCRIPTION
Action,1,DLC TEST,DLC TEST DESCRIPTION
Action,1,DLC TEST,DLC TEST DESCRIPTION
Action,1,DLC TEST,DLC TEST DESCRIPTION
Action,1,DLC TEST,DLC TEST DESCRIPTION
Action,1,DLC TEST,DLC TEST DESCRIPTION
Action,1,DLC TEST,DLC TEST DESCRIPTION
Action,1,DLC TEST,DLC TEST DESCRIPTION
Action,1,DLC TEST,DLC TEST DESCRIPTION
Action,1,DLC TEST,DLC TEST DESCRIPTION
Action,1,DLC TEST,DLC TEST DESCRIPTION
Action,1,DLC TEST,DLC TEST DESCRIPTION
Action,1,DLC TEST,DLC TEST DESCRIPTION
Action,1,DLC TEST,DLC TEST DESCRIPTION
Action,1,DLC TEST,DLC TEST DESCRIPTION
Action,1,DLC TEST,DLC TEST DESCRIPTION
Action,1,DLC TEST,DLC TEST DESCRIPTION
Action,1,DLC TEST,DLC TEST DESCRIPTION
Action,1,DLC TEST,DLC TEST DESCRIPTION
Action,1,DLC TEST,DLC TEST DESCRIPTION
Action,1,DLC TEST,DLC TEST DESCRIPTION
Action,1,DLC TEST,DLC TEST DESCRIPTION
Action,1,DLC TEST,DLC TEST DESCRIPTION
Action,1,DLC TEST,DLC TEST DESCRIPTION
Action,1,DLC TEST,DLC TEST DESCRIPTION
Action,1,DLC TEST,DLC TEST DESCRIPTION
Action,1,DLC TEST,DLC TEST DESCRIPTION
Action,1,DLC TEST,DLC TEST DESCRIPTION
Action,1,DLC TEST,DLC TEST DESCRIPTION
Action,1,DLC TEST,DLC TEST DESCRIPTION
Action,1,DLC TEST,DLC TEST DESCRIPTION
Action,1,DLC TEST,DLC TEST DESCRIPTION
Action,1,DLC TEST,DLC TEST DESCRIPTION
Action,1,DLC TEST,DLC TEST DESCRIPTION
Action,1,DLC TEST,DLC TEST DESCRIPTION
Action,1,DLC TEST,DLC TEST DESCRIPTION
Action,1,DLC TEST,DLC TEST DESCRIPTION
Action,1,DLC TEST,DLC TEST DESCRIPTION
Action,1,DLC TEST,DLC TEST DESCRIPTION
Action,1,DLC TEST,DLC TEST DESCRIPTION
Action,1,DLC TEST,DLC TEST DESCRIPTION
Action,1,DLC TEST,DLC TEST DESCRIPTION
Action,1,DLC TEST,DLC TEST DESCRIPTION
Action,1,DLC TEST,DLC TEST DESCRIPTION
Action,1,DLC TEST,DLC TEST DESCRIPTION
Action,1,DLC TEST,DLC TEST DESCRIPTION
Action,1,DLC TEST,DLC TEST DESCRIPTION
Action,1,DLC TEST,DLC TEST DESCRIPTION
Action,1,DLC TEST,DLC TEST DESCRIPTION
Action,1,DLC TEST,DLC TEST DESCRIPTION
Action,1,DLC TEST,DLC TEST DESCRIPTION
Action,1,DLC TEST,DLC TEST DESCRIPTION
Action,1,DLC TEST,DLC TEST DESCRIPTION
Action,1,DLC TEST,DLC TEST DESCRIPTION
Action,1,DLC TEST,DLC TEST DESCRIPTION
Action,1,DLC TEST,DLC TEST DESCRIPTION
Action,1,DLC TEST,DLC TEST DESCRIPTION
Action,1,DLC TEST,DLC TEST DESCRIPTION
Action,1,DLC TEST,DLC TEST DESCRIPTION
